"caseid","eventid","processtype","starttime","completiontime","activity","resource"
"8081799f-fc63-434b-8ed0-3b19b94b74be","a82fec7c-612b-4045-a4c0-e5e3fdf371e7","abgeschlossenheitsbescheinigung","2022-10-25T17:02:33Z","2022-10-25T17:02:33Z","Antrag eingegangen","182"
"8081799f-fc63-434b-8ed0-3b19b94b74be","f29e7b20-ea0c-41d1-83e0-1ff463a143c1","abgeschlossenheitsbescheinigung","2022-10-25T17:02:34Z","2022-10-25T17:02:34Z","Zustellung Postfach Servicebereich","182"
"8081799f-fc63-434b-8ed0-3b19b94b74be","f9a907d5-5e27-4ca3-bfe5-641dd823a00c","abgeschlossenheitsbescheinigung","2022-10-25T17:05:01Z","2022-10-25T17:05:01Z","Vorgangsbezogener Nachrichtenversand Servicebereich","182"
"8081799f-fc63-434b-8ed0-3b19b94b74be","8e727463-7932-413d-aaff-2872c2803c06","abgeschlossenheitsbescheinigung","2022-10-25T17:07:18Z","2022-10-25T17:07:19Z","Interner Bearbeitungsvermerk","19"
"8081799f-fc63-434b-8ed0-3b19b94b74be","157ece8a-f87d-4cab-a67c-ca13107ad829","abgeschlossenheitsbescheinigung","2022-10-25T17:07:32Z","2022-10-25T17:07:32Z","Vorgangsbezogener Nachrichtenversand Servicebereich","19"
"8081799f-fc63-434b-8ed0-3b19b94b74be","cd97773b-b490-457b-abca-e412e39ba643","abgeschlossenheitsbescheinigung","2022-10-25T17:07:50Z","2022-10-25T17:07:51Z","Aktenzeichen hinzufügen","19"
"8081799f-fc63-434b-8ed0-3b19b94b74be","5f064761-1ac2-4394-ba83-c92e2598fc04","abgeschlossenheitsbescheinigung","2022-10-25T17:08:04Z","2022-10-25T17:08:05Z","Externe Beteiligung anfordern","19"
"8081799f-fc63-434b-8ed0-3b19b94b74be","73d79b91-7ab9-4a33-9f23-85a14e359b8b","abgeschlossenheitsbescheinigung","2022-10-25T17:08:15Z","2022-10-25T17:08:20Z","Status ändern","19"
"8081799f-fc63-434b-8ed0-3b19b94b74be","d4507398-0e9a-47d7-b95c-4484044cee92","abgeschlossenheitsbescheinigung","2022-10-25T17:08:17Z","2022-10-25T17:08:19Z","[auto] Nachricht Statuswechsel versenden","19"
"6bab5911-5a46-4aec-82e2-ac8f163757e9","a22daec4-abd4-4430-96c0-7d9a356cce30","abgeschlossenheitsbescheinigung","2022-10-26T18:12:57Z","2022-10-26T18:12:57Z","Antrag eingegangen","182"
"6bab5911-5a46-4aec-82e2-ac8f163757e9","232fd9a2-1ced-4e87-9f22-5fe2c75f712a","abgeschlossenheitsbescheinigung","2022-10-26T18:12:58Z","2022-10-26T18:12:58Z","Zustellung Postfach Servicebereich","182"
"6bab5911-5a46-4aec-82e2-ac8f163757e9","68eb0ac0-790f-4cb4-8697-77d1519ac592","abgeschlossenheitsbescheinigung","2022-10-26T18:14:08Z","2022-10-26T18:14:09Z","Externe Beteiligung anfordern","19"
"6bab5911-5a46-4aec-82e2-ac8f163757e9","29a923ae-d416-47d1-8026-fda5908575e3","abgeschlossenheitsbescheinigung","2022-10-26T18:16:27Z","2022-10-26T18:16:27Z","Nachforderung zu Beteiligung","16"
"6bab5911-5a46-4aec-82e2-ac8f163757e9","b6b1f157-942d-4499-88db-2c38cebfac6e","abgeschlossenheitsbescheinigung","2022-10-26T18:16:52Z","2022-10-26T18:16:54Z","Externe Beteiligung anfordern ""Stellungnahme zu Beteiligung""","16"
"6bab5911-5a46-4aec-82e2-ac8f163757e9","bc80cba8-86c6-409f-aa1f-91fae07eb9ed","abgeschlossenheitsbescheinigung","2022-11-03T09:36:04Z","2022-11-03T09:36:05Z","Externe Beteiligung anfordern","1"
"6bab5911-5a46-4aec-82e2-ac8f163757e9","8cf5a5ee-9ece-482e-9073-d853143b27f2","abgeschlossenheitsbescheinigung","2022-11-04T18:08:16Z","2022-11-04T18:08:19Z","Gebühr erheben","19"
"6bab5911-5a46-4aec-82e2-ac8f163757e9","30daef0c-9307-497b-a87d-b865b6503031","abgeschlossenheitsbescheinigung","2022-11-04T18:08:17Z","2022-11-04T18:08:17Z","Zustellung Postfach Servicebereich","19"
"6bab5911-5a46-4aec-82e2-ac8f163757e9","1635cdf7-8d8e-44e7-b1dd-c4bc1a4dc8b8","abgeschlossenheitsbescheinigung","2022-11-04T18:10:25Z","2022-11-04T18:10:27Z","Aktenzeichen hinzufügen","19"
"6bab5911-5a46-4aec-82e2-ac8f163757e9","83971f67-5385-4caa-92f4-08a2cf371636","abgeschlossenheitsbescheinigung","2022-11-04T18:10:36Z","2022-11-04T18:10:42Z","Status ändern","19"
"6bab5911-5a46-4aec-82e2-ac8f163757e9","a5a801cb-7dd6-400a-9e2b-b55e84577915","abgeschlossenheitsbescheinigung","2022-11-04T18:10:38Z","2022-11-04T18:10:41Z","[auto] Nachricht Statuswechsel versenden","19"
"6bab5911-5a46-4aec-82e2-ac8f163757e9","67c2cc90-2c35-4ddd-8961-e8b1cc1fdab6","abgeschlossenheitsbescheinigung","2022-11-04T18:10:50Z","2022-11-04T18:10:53Z","Interner Bearbeitungsvermerk","19"
"6bab5911-5a46-4aec-82e2-ac8f163757e9","9f600a04-b260-4760-9689-70e63bc198e5","abgeschlossenheitsbescheinigung","2022-11-04T18:11:03Z","2022-11-04T18:11:08Z","Bescheid zustellen","19"
"6bab5911-5a46-4aec-82e2-ac8f163757e9","28c20d86-6aa6-41b4-bfb8-d1caa360a953","abgeschlossenheitsbescheinigung","2022-11-04T18:11:05Z","2022-11-04T18:11:05Z","Zustellung Postfach Servicebereich","19"
"6bab5911-5a46-4aec-82e2-ac8f163757e9","2c20a12b-c278-43be-b2e7-55e86fd854cb","abgeschlossenheitsbescheinigung","2022-11-04T18:11:17Z","2022-11-04T18:11:17Z","Vorgangsbezogener Nachrichtenversand Servicebereich","19"
"8081799f-fc63-434b-8ed0-3b19b94b74be","0be26184-cbdd-4f8f-848d-f2bf687f0bb9","abgeschlossenheitsbescheinigung","2022-11-07T07:12:16Z","2022-11-07T07:12:20Z","Gebühr erheben","1"
"8081799f-fc63-434b-8ed0-3b19b94b74be","7d010cae-b805-47d6-8230-72014e016c64","abgeschlossenheitsbescheinigung","2022-11-07T07:12:17Z","2022-11-07T07:12:17Z","Zustellung Postfach Servicebereich","1"
"8081799f-fc63-434b-8ed0-3b19b94b74be","8dfcae4c-71ab-45e3-80cd-817a89217db2","abgeschlossenheitsbescheinigung","2022-11-08T14:15:53Z","2022-11-08T14:15:58Z","Gebühr erheben","19"
"8081799f-fc63-434b-8ed0-3b19b94b74be","1cfd2f5b-7691-4cd2-92e0-e7014519ace2","abgeschlossenheitsbescheinigung","2022-11-08T14:15:55Z","2022-11-08T14:15:55Z","Zustellung Postfach Servicebereich","19"
"902301c2-2556-45f3-86ae-762785f2d13f","51c1983d-6065-4eb1-8729-2f990347e403","abgeschlossenheitsbescheinigung","2022-11-10T10:39:40Z","2022-11-10T10:39:40Z","Antrag eingegangen","182"
"902301c2-2556-45f3-86ae-762785f2d13f","05ceec84-1cba-4298-93aa-73a9750e1dd0","abgeschlossenheitsbescheinigung","2022-11-10T10:39:41Z","2022-11-10T10:39:41Z","Zustellung Postfach Servicebereich","182"
"902301c2-2556-45f3-86ae-762785f2d13f","fd11fc97-94bb-413d-a4e4-b9e2705bd18c","abgeschlossenheitsbescheinigung","2022-11-10T10:41:05Z","2022-11-10T10:41:06Z","Aktenzeichen hinzufügen","19"
"902301c2-2556-45f3-86ae-762785f2d13f","c77392a0-cae7-4c5e-bc76-36fdbafc3c6b","abgeschlossenheitsbescheinigung","2022-11-10T10:41:21Z","2022-11-10T10:41:24Z","Status ändern","19"
"902301c2-2556-45f3-86ae-762785f2d13f","efedb118-eedd-42cb-9801-d821699056cc","abgeschlossenheitsbescheinigung","2022-11-10T10:41:22Z","2022-11-10T10:41:23Z","[auto] Nachricht Statuswechsel versenden","19"
"902301c2-2556-45f3-86ae-762785f2d13f","462cad7e-c650-49b2-9286-9358be740e95","abgeschlossenheitsbescheinigung","2022-11-10T10:41:39Z","2022-11-10T10:41:42Z","Gebühr erheben","19"
"902301c2-2556-45f3-86ae-762785f2d13f","6ba28807-fb07-494d-8ec3-b791df51e33a","abgeschlossenheitsbescheinigung","2022-11-10T10:41:40Z","2022-11-10T10:41:40Z","Zustellung Postfach Servicebereich","19"
"902301c2-2556-45f3-86ae-762785f2d13f","bc38b7e7-9541-429c-acd4-b3d2d293a525","abgeschlossenheitsbescheinigung","2022-11-10T10:41:57Z","2022-11-10T10:41:58Z","Interner Bearbeitungsvermerk","19"
"902301c2-2556-45f3-86ae-762785f2d13f","48db93b6-ae48-4d1a-a0c5-a197c1bffdc1","abgeschlossenheitsbescheinigung","2022-11-10T10:42:08Z","2022-11-10T10:42:12Z","Bescheid zustellen","19"
"902301c2-2556-45f3-86ae-762785f2d13f","5d492256-a5b0-42a8-ad45-27320c4cee06","abgeschlossenheitsbescheinigung","2022-11-10T10:42:10Z","2022-11-10T10:42:10Z","Zustellung Postfach Servicebereich","19"
"902301c2-2556-45f3-86ae-762785f2d13f","5e5831a9-cf64-4221-ba42-bc69a10c4ec0","abgeschlossenheitsbescheinigung","2022-11-10T10:42:23Z","2022-11-10T10:42:23Z","Vorgangsbezogener Nachrichtenversand Servicebereich","19"
"902301c2-2556-45f3-86ae-762785f2d13f","0048f878-8781-48de-8dcd-44bfc3dea2e9","abgeschlossenheitsbescheinigung","2022-11-10T10:42:36Z","2022-11-10T10:42:38Z","Externe Beteiligung anfordern","19"
"b0203239-5af4-41ab-ad5a-d24fa029149c","a1ae657e-88b8-4236-9cfe-43b3e6834165","abgeschlossenheitsbescheinigung","2022-11-10T11:14:26Z","2022-11-10T11:14:26Z","Antrag eingegangen","182"
"b0203239-5af4-41ab-ad5a-d24fa029149c","833e199f-1dea-4b44-a1dc-ab0866869c54","abgeschlossenheitsbescheinigung","2022-11-10T11:14:27Z","2022-11-10T11:14:27Z","Zustellung Postfach Servicebereich","182"
"b0203239-5af4-41ab-ad5a-d24fa029149c","e43daf3d-1fc3-4acf-b199-ff05b3bd3d99","abgeschlossenheitsbescheinigung","2022-11-10T11:19:12Z","2022-11-10T11:19:13Z","Aktenzeichen hinzufügen","19"
"b0203239-5af4-41ab-ad5a-d24fa029149c","84f9f63b-5c70-477c-bf62-ef613fef19e9","abgeschlossenheitsbescheinigung","2022-11-10T11:19:35Z","2022-11-10T11:19:39Z","Status ändern","19"
"b0203239-5af4-41ab-ad5a-d24fa029149c","a5560ea7-b587-455e-b6ea-310d2aa67544","abgeschlossenheitsbescheinigung","2022-11-10T11:19:36Z","2022-11-10T11:19:38Z","[auto] Nachricht Statuswechsel versenden","19"
"b0203239-5af4-41ab-ad5a-d24fa029149c","fcb538a7-37fd-4dbe-bcb3-3fbb844333fe","abgeschlossenheitsbescheinigung","2022-11-10T11:19:55Z","2022-11-10T11:19:58Z","Gebühr erheben","19"
"b0203239-5af4-41ab-ad5a-d24fa029149c","d0c1f661-6862-4384-a831-af629a6adcdb","abgeschlossenheitsbescheinigung","2022-11-10T11:19:56Z","2022-11-10T11:19:56Z","Zustellung Postfach Servicebereich","19"
"b0203239-5af4-41ab-ad5a-d24fa029149c","0dcbad58-e628-4443-bd95-9bc9b6a04785","abgeschlossenheitsbescheinigung","2022-11-10T11:20:20Z","2022-11-10T11:20:22Z","Externe Beteiligung anfordern","19"
"b0203239-5af4-41ab-ad5a-d24fa029149c","6579e7cf-de6f-457f-a0c3-651a8af9eae8","abgeschlossenheitsbescheinigung","2022-11-10T11:20:32Z","2022-11-10T11:20:34Z","Interner Bearbeitungsvermerk","19"
"b0203239-5af4-41ab-ad5a-d24fa029149c","d9288466-4a7d-4d71-bdc1-6a8ffdf9dd72","abgeschlossenheitsbescheinigung","2022-11-10T11:20:54Z","2022-11-10T11:20:59Z","Bescheid zustellen","19"
"b0203239-5af4-41ab-ad5a-d24fa029149c","4ceab511-9a8a-4d48-873b-9a9fd6d15f10","abgeschlossenheitsbescheinigung","2022-11-10T11:20:56Z","2022-11-10T11:20:56Z","Zustellung Postfach Servicebereich","19"
"b0203239-5af4-41ab-ad5a-d24fa029149c","61632217-9d85-424a-8d0b-c6c44e3a1f3b","abgeschlossenheitsbescheinigung","2022-11-10T11:21:16Z","2022-11-10T11:21:16Z","Vorgangsbezogener Nachrichtenversand Servicebereich","19"
"8fa4f8f9-06e9-4bbf-9889-07aa3f268248","f2de1063-0ff8-411d-af58-0e700579c675","abgeschlossenheitsbescheinigung","2022-12-01T08:31:53Z","2022-12-01T08:31:53Z","Antrag eingegangen","1"
"8fa4f8f9-06e9-4bbf-9889-07aa3f268248","3a137496-3486-4375-86bc-a27921021dc5","abgeschlossenheitsbescheinigung","2022-12-01T08:31:54Z","2022-12-01T08:31:54Z","Zustellung Postfach Servicebereich","1"
"8fa4f8f9-06e9-4bbf-9889-07aa3f268248","6efae5ff-da1c-45d4-950b-08ebef1484fa","abgeschlossenheitsbescheinigung","2022-12-01T08:36:19Z","2022-12-01T08:36:22Z","Status ändern","1"
"8fa4f8f9-06e9-4bbf-9889-07aa3f268248","2b45d678-d7e1-4c4d-985a-6d952324e459","abgeschlossenheitsbescheinigung","2022-12-01T08:36:20Z","2022-12-01T08:36:21Z","[auto] Nachricht Statuswechsel versenden","1"
"8fa4f8f9-06e9-4bbf-9889-07aa3f268248","dac96ea5-abc8-4119-9b7d-ab442a0bcc6f","abgeschlossenheitsbescheinigung","2022-12-01T08:40:45Z","2022-12-01T08:40:45Z","Vorgangsbezogener Nachrichtenversand Servicebereich","1"
"8fa4f8f9-06e9-4bbf-9889-07aa3f268248","aeabb969-3da9-470c-8442-53bc80e01dc8","abgeschlossenheitsbescheinigung","2022-12-01T08:42:00Z","2022-12-01T08:42:00Z","Vorgangsbezogener Nachrichtenversand Servicebereich","1"
"8fa4f8f9-06e9-4bbf-9889-07aa3f268248","b18ce804-cda1-4afa-b3c5-ba47da040eb5","abgeschlossenheitsbescheinigung","2022-12-01T08:45:29Z","2022-12-01T08:45:32Z","Gebühr erheben","1"
"8fa4f8f9-06e9-4bbf-9889-07aa3f268248","4c7073f3-e238-42b4-8080-0ae6ef5b1121","abgeschlossenheitsbescheinigung","2022-12-01T08:45:30Z","2022-12-01T08:45:30Z","Zustellung Postfach Servicebereich","1"
"8fa4f8f9-06e9-4bbf-9889-07aa3f268248","c497f7f5-f192-45e1-a9d5-e211bd66b96a","abgeschlossenheitsbescheinigung","2022-12-01T08:53:13Z","2022-12-01T08:53:16Z","Externe Beteiligung anfordern","1"
"8fa4f8f9-06e9-4bbf-9889-07aa3f268248","d061923b-2545-4265-ba32-e87028c656fb","abgeschlossenheitsbescheinigung","2022-12-01T08:56:27Z","2022-12-01T08:56:29Z","Externe Beteiligung anfordern ""Stellungnahme zu Beteiligung""","1"
"8fa4f8f9-06e9-4bbf-9889-07aa3f268248","b58c14cf-3de7-4d8c-88d8-5d8548f8de59","abgeschlossenheitsbescheinigung","2022-12-01T09:00:18Z","2022-12-01T09:00:21Z","Interner Bearbeitungsvermerk","1"
"8fa4f8f9-06e9-4bbf-9889-07aa3f268248","6a9db0bd-fe36-4fc6-b793-1813f9810ff3","abgeschlossenheitsbescheinigung","2022-12-01T09:55:17Z","2022-12-01T09:55:22Z","Bescheid zustellen","1"
"8fa4f8f9-06e9-4bbf-9889-07aa3f268248","1a10d71c-c861-475b-a6f3-e67966395ca7","abgeschlossenheitsbescheinigung","2022-12-01T09:55:19Z","2022-12-01T09:55:19Z","Zustellung Postfach Servicebereich","1"
"e1f91802-8b7a-433e-8882-93f8b4f650e6","9fa43d27-8961-4a0a-8a6f-59637af5dbf1","abgeschlossenheitsbescheinigung","2022-12-15T11:24:04Z","2022-12-15T11:24:04Z","Zustellung Postfach Servicebereich","182"
"e1f91802-8b7a-433e-8882-93f8b4f650e6","30b129e1-3ad1-46b2-a692-23646fbde882","abgeschlossenheitsbescheinigung","2022-12-15T11:24:04Z","2022-12-15T11:24:04Z","Antrag eingegangen","182"
"e1f91802-8b7a-433e-8882-93f8b4f650e6","a6646ba2-c8be-4f29-a4c5-f9577706665e","abgeschlossenheitsbescheinigung","2022-12-15T15:33:31Z","2022-12-15T15:33:34Z","Status ändern","19"
"e1f91802-8b7a-433e-8882-93f8b4f650e6","c2fdd3be-39c0-4085-95e3-1a12413d848a","abgeschlossenheitsbescheinigung","2022-12-15T15:33:32Z","2022-12-15T15:33:33Z","[auto] Nachricht Statuswechsel versenden","19"
"e1f91802-8b7a-433e-8882-93f8b4f650e6","66e58af8-16f6-4639-801a-851b5a61b83d","abgeschlossenheitsbescheinigung","2022-12-15T15:33:46Z","2022-12-15T15:33:47Z","Aktenzeichen hinzufügen","19"
"e1f91802-8b7a-433e-8882-93f8b4f650e6","0e40cf4e-a60c-419b-9405-c34d6d575394","abgeschlossenheitsbescheinigung","2022-12-15T15:33:54Z","2022-12-15T15:33:57Z","Gebühr erheben","19"
"e1f91802-8b7a-433e-8882-93f8b4f650e6","6db82c80-852a-457a-b04e-ca1bdefc6632","abgeschlossenheitsbescheinigung","2022-12-15T15:33:55Z","2022-12-15T15:33:55Z","Zustellung Postfach Servicebereich","19"
"e1f91802-8b7a-433e-8882-93f8b4f650e6","099ea28c-c721-4280-a1eb-b4caf5f139a8","abgeschlossenheitsbescheinigung","2022-12-15T15:34:28Z","2022-12-15T15:34:29Z","Externe Beteiligung anfordern","19"
"e1f91802-8b7a-433e-8882-93f8b4f650e6","64a34637-a27a-4f21-b587-d1943a39871f","abgeschlossenheitsbescheinigung","2022-12-15T15:41:06Z","2022-12-15T15:41:08Z","Interner Bearbeitungsvermerk","19"
"b3748cef-63fa-47a3-b82d-96690b4f50c4","2c023a13-de22-42c2-8f20-5bde46e8534a","abgeschlossenheitsbescheinigung","2022-12-19T10:20:51Z","2022-12-19T10:20:51Z","Antrag eingegangen","182"
"b3748cef-63fa-47a3-b82d-96690b4f50c4","7714a10c-ea12-4e63-a563-37a638f4daac","abgeschlossenheitsbescheinigung","2022-12-19T10:20:52Z","2022-12-19T10:20:52Z","Zustellung Postfach Servicebereich","182"
"b3748cef-63fa-47a3-b82d-96690b4f50c4","0cba7e8b-9be7-4f2e-98d9-1921ad8d2a98","abgeschlossenheitsbescheinigung","2022-12-19T10:24:43Z","2022-12-19T10:24:44Z","Aktenzeichen hinzufügen","19"
"b3748cef-63fa-47a3-b82d-96690b4f50c4","10d760bc-ed6f-43a8-a6ed-715622497347","abgeschlossenheitsbescheinigung","2022-12-19T10:25:01Z","2022-12-19T10:25:05Z","Status ändern","19"
"b3748cef-63fa-47a3-b82d-96690b4f50c4","2d524cf3-76ec-49dc-9ac7-c6bc8d2283d6","abgeschlossenheitsbescheinigung","2022-12-19T10:25:02Z","2022-12-19T10:25:04Z","[auto] Nachricht Statuswechsel versenden","19"
"b3748cef-63fa-47a3-b82d-96690b4f50c4","fc82918f-48a3-4b27-a83a-4f6274b22ee5","abgeschlossenheitsbescheinigung","2022-12-19T10:26:03Z","2022-12-19T10:26:06Z","Gebühr erheben","19"
"b3748cef-63fa-47a3-b82d-96690b4f50c4","43a8f808-a7ec-400a-b43c-fec329017048","abgeschlossenheitsbescheinigung","2022-12-19T10:26:04Z","2022-12-19T10:26:04Z","Zustellung Postfach Servicebereich","19"
"b3748cef-63fa-47a3-b82d-96690b4f50c4","53766623-acf1-467f-8d82-12294133f749","abgeschlossenheitsbescheinigung","2022-12-19T10:27:45Z","2022-12-19T10:27:47Z","Externe Beteiligung anfordern","19"
"b3748cef-63fa-47a3-b82d-96690b4f50c4","4f7c89ed-f391-48f9-b142-464b00a496ad","abgeschlossenheitsbescheinigung","2022-12-19T10:28:49Z","2022-12-19T10:28:51Z","Interner Bearbeitungsvermerk","19"
"b4d46611-7ee1-41de-b86e-696a3c48eccb","0e0025ab-cfb3-4e6e-88d9-18cb8461956e","abgeschlossenheitsbescheinigung","2022-12-19T10:29:04Z","2022-12-19T10:29:04Z","Antrag eingegangen","189"
"b4d46611-7ee1-41de-b86e-696a3c48eccb","4a63cb2e-0bf7-4175-b5e0-815f0a3f0192","abgeschlossenheitsbescheinigung","2022-12-19T10:29:05Z","2022-12-19T10:29:05Z","Zustellung Postfach Servicebereich","189"
"b3748cef-63fa-47a3-b82d-96690b4f50c4","6b74a1bc-7bc4-4808-a748-3c0658e94a0a","abgeschlossenheitsbescheinigung","2022-12-19T10:29:13Z","2022-12-19T10:29:18Z","Bescheid zustellen","19"
"b3748cef-63fa-47a3-b82d-96690b4f50c4","35eec018-7e58-4616-a9a7-2efd6032576a","abgeschlossenheitsbescheinigung","2022-12-19T10:29:15Z","2022-12-19T10:29:15Z","Zustellung Postfach Servicebereich","19"
"b3748cef-63fa-47a3-b82d-96690b4f50c4","4df5470f-e7ad-4511-8a34-59b718ed51d6","abgeschlossenheitsbescheinigung","2022-12-19T10:31:18Z","2022-12-19T10:31:18Z","Vorgangsbezogener Nachrichtenversand Servicebereich","19"
"aa086236-1e21-463a-b1ef-46b7d77389b3","7467bb56-5367-4ed3-84d6-2174c2093211","abgeschlossenheitsbescheinigung","2022-12-19T11:11:46Z","2022-12-19T11:11:46Z","Antrag eingegangen","182"
"aa086236-1e21-463a-b1ef-46b7d77389b3","48bfe5b2-3905-475d-a6ba-b6e45dab082b","abgeschlossenheitsbescheinigung","2022-12-19T11:11:47Z","2022-12-19T11:11:47Z","Zustellung Postfach Servicebereich","182"
"aa086236-1e21-463a-b1ef-46b7d77389b3","cb78f569-8321-4bfa-a0c1-1e98c0fe554d","abgeschlossenheitsbescheinigung","2022-12-19T11:17:09Z","2022-12-19T11:17:10Z","Aktenzeichen hinzufügen","19"
"aa086236-1e21-463a-b1ef-46b7d77389b3","b6ba358f-134c-48d5-a179-e95a7f6295c2","abgeschlossenheitsbescheinigung","2022-12-19T11:17:38Z","2022-12-19T11:17:42Z","Status ändern","19"
"aa086236-1e21-463a-b1ef-46b7d77389b3","88768019-1e04-4f7c-bb52-4a73e45c2bad","abgeschlossenheitsbescheinigung","2022-12-19T11:17:40Z","2022-12-19T11:17:41Z","[auto] Nachricht Statuswechsel versenden","19"
"aa086236-1e21-463a-b1ef-46b7d77389b3","e36725ad-cd34-48f7-a465-8d712a69333a","abgeschlossenheitsbescheinigung","2022-12-19T11:18:20Z","2022-12-19T11:18:23Z","Gebühr erheben","19"
"aa086236-1e21-463a-b1ef-46b7d77389b3","ef70c13b-60aa-4c4c-8d1d-e4ffad5f4909","abgeschlossenheitsbescheinigung","2022-12-19T11:18:21Z","2022-12-19T11:18:21Z","Zustellung Postfach Servicebereich","19"
"aa086236-1e21-463a-b1ef-46b7d77389b3","54a50189-4525-4d9b-8768-5212636adf08","abgeschlossenheitsbescheinigung","2022-12-19T11:19:30Z","2022-12-19T11:19:32Z","Externe Beteiligung anfordern","19"
"aa086236-1e21-463a-b1ef-46b7d77389b3","f0e54d8b-ae2d-4689-a4be-ecde1923ce44","abgeschlossenheitsbescheinigung","2022-12-19T11:19:59Z","2022-12-19T11:20:01Z","Interner Bearbeitungsvermerk","19"
"aa086236-1e21-463a-b1ef-46b7d77389b3","f24b209f-b4c6-42ae-a93a-b5d4e53084b1","abgeschlossenheitsbescheinigung","2022-12-19T11:20:36Z","2022-12-19T11:20:40Z","Bescheid zustellen","19"
"aa086236-1e21-463a-b1ef-46b7d77389b3","58ed9277-2357-4efa-bf99-2db4d016ba61","abgeschlossenheitsbescheinigung","2022-12-19T11:20:37Z","2022-12-19T11:20:37Z","Zustellung Postfach Servicebereich","19"
"aa086236-1e21-463a-b1ef-46b7d77389b3","dfb2834a-709c-4abc-a3d4-f0c6f7b4f503","abgeschlossenheitsbescheinigung","2022-12-19T11:21:23Z","2022-12-19T11:21:23Z","Vorgangsbezogener Nachrichtenversand Servicebereich","19"
"aa086236-1e21-463a-b1ef-46b7d77389b3","73a0f51d-e0e2-4461-9a30-46ecb2fbd1cb","abgeschlossenheitsbescheinigung","2023-01-19T20:27:21Z","2023-01-19T20:27:27Z","Bescheinigung zustellen","19"
"aa086236-1e21-463a-b1ef-46b7d77389b3","c8234773-88e5-4b9b-b5aa-0ee0bc250973","abgeschlossenheitsbescheinigung","2023-01-19T20:27:24Z","2023-01-19T20:27:24Z","Zustellung Postfach Servicebereich","19"
"aa086236-1e21-463a-b1ef-46b7d77389b3","0d42ea52-e559-4312-bec1-061722130c84","abgeschlossenheitsbescheinigung","2023-01-24T14:54:41Z","2023-01-24T14:54:45Z","Datei hinzufügen","19"
"aa086236-1e21-463a-b1ef-46b7d77389b3","f23006a9-f09f-4949-abce-ca9d48a91eb2","abgeschlossenheitsbescheinigung","2023-01-26T17:27:03Z","2023-01-26T17:27:10Z","Gebührenbescheid zustellen","19"
"aa086236-1e21-463a-b1ef-46b7d77389b3","643c3adb-1184-4341-b96a-d2b39a4e5fe0","abgeschlossenheitsbescheinigung","2023-01-26T17:27:06Z","2023-01-26T17:27:06Z","Zustellung Postfach Servicebereich","19"
"aa086236-1e21-463a-b1ef-46b7d77389b3","721ddc1a-1f8f-43fa-a563-9aeebafc1df1","abgeschlossenheitsbescheinigung","2023-01-31T20:41:12Z","2023-01-31T20:41:19Z","Gebühr erheben","19"
"aa086236-1e21-463a-b1ef-46b7d77389b3","1be5b7e7-173f-427c-bbac-6341af1da480","abgeschlossenheitsbescheinigung","2023-01-31T20:41:15Z","2023-01-31T20:41:15Z","Zustellung Postfach Servicebereich","19"
"aa086236-1e21-463a-b1ef-46b7d77389b3","0474dffb-ba5b-456e-9bf4-bfbb143a7f70","abgeschlossenheitsbescheinigung","2023-02-07T11:16:55Z","2023-02-07T11:17:05Z","Gebühr erheben","19"
"aa086236-1e21-463a-b1ef-46b7d77389b3","7d5071f8-001f-4aa0-abdf-788157e47ec7","abgeschlossenheitsbescheinigung","2023-02-07T11:16:59Z","2023-02-07T11:16:59Z","Zustellung Postfach Servicebereich","19"
"d7e5f966-35ff-4bf6-83f1-9b62d2216768","b16697f8-5903-4844-b6a0-bfc24a3b7023","abgeschlossenheitsbescheinigung","2023-02-07T11:21:35Z","2023-02-07T11:21:35Z","Zustellung Postfach Servicebereich","182"
"d7e5f966-35ff-4bf6-83f1-9b62d2216768","6e13aa8c-337b-43d8-bf0c-360fd4715a79","abgeschlossenheitsbescheinigung","2023-02-07T11:21:35Z","2023-02-07T11:21:35Z","Antrag eingegangen","182"
"d7e5f966-35ff-4bf6-83f1-9b62d2216768","19230692-22e3-4704-a2e4-b45a36b9c93c","abgeschlossenheitsbescheinigung","2023-02-07T11:22:06Z","2023-02-07T11:22:09Z","Gebühr erheben","19"
"d7e5f966-35ff-4bf6-83f1-9b62d2216768","6e008671-6729-478c-8c8f-6db3a1501106","abgeschlossenheitsbescheinigung","2023-02-07T11:22:07Z","2023-02-07T11:22:07Z","Zustellung Postfach Servicebereich","19"
"8fa4f8f9-06e9-4bbf-9889-07aa3f268248","0538a16d-1272-4bae-9d7e-2920e02f3266","abgeschlossenheitsbescheinigung","2023-02-07T13:17:56Z","2023-02-07T13:18:03Z","Gebühr erheben","1"
"8fa4f8f9-06e9-4bbf-9889-07aa3f268248","9735ad21-58da-4d31-8d3f-7ac04bd9cf25","abgeschlossenheitsbescheinigung","2023-02-07T13:17:59Z","2023-02-07T13:17:59Z","Zustellung Postfach Servicebereich","1"
"d7e5f966-35ff-4bf6-83f1-9b62d2216768","a5fe70de-cba6-4057-a644-15cc5ae6df08","abgeschlossenheitsbescheinigung","2023-02-07T14:28:27Z","2023-02-07T14:28:30Z","Ablehnungsbescheinigung zustellen","19"
"d7e5f966-35ff-4bf6-83f1-9b62d2216768","88a6bf60-ab8b-4269-bb8c-6c185004659d","abgeschlossenheitsbescheinigung","2023-02-07T14:28:28Z","2023-02-07T14:28:28Z","Zustellung Postfach Servicebereich","19"
"1ca84909-93a0-4249-b2da-a2c25c18098e","8935f9f7-65c9-4346-9c21-e019716c7e80","abgeschlossenheitsbescheinigung","2023-02-15T15:17:28Z","2023-02-15T15:17:28Z","Zustellung Postfach Servicebereich","182"
"1ca84909-93a0-4249-b2da-a2c25c18098e","9a9c2731-5ed8-47d3-be21-b5e507a468bd","abgeschlossenheitsbescheinigung","2023-02-15T15:17:28Z","2023-02-15T15:17:28Z","Antrag eingegangen","182"
"1ca84909-93a0-4249-b2da-a2c25c18098e","a0b1b3a1-4c7c-45c1-9186-4b6c61fa8714","abgeschlossenheitsbescheinigung","2023-02-15T15:23:03Z","2023-02-15T15:23:04Z","Aktenzeichen hinzufügen","19"
"1ca84909-93a0-4249-b2da-a2c25c18098e","453697ad-ef88-434f-bbf9-c65274baa2a2","abgeschlossenheitsbescheinigung","2023-02-15T15:23:13Z","2023-02-15T15:23:17Z","Status ändern","19"
"1ca84909-93a0-4249-b2da-a2c25c18098e","41fe8d58-77e3-4450-a6ac-b6e52925fc5e","abgeschlossenheitsbescheinigung","2023-02-15T15:23:14Z","2023-02-15T15:23:16Z","[auto] Nachricht Statuswechsel versenden","19"
"1ca84909-93a0-4249-b2da-a2c25c18098e","68201013-af5c-49a0-acd8-4d6008ab0f64","abgeschlossenheitsbescheinigung","2023-02-15T15:23:24Z","2023-02-15T15:23:27Z","Gebühr erheben","19"
"1ca84909-93a0-4249-b2da-a2c25c18098e","a21f2d21-7ebb-4e73-8f15-1adb23c07073","abgeschlossenheitsbescheinigung","2023-02-15T15:23:25Z","2023-02-15T15:23:25Z","Zustellung Postfach Servicebereich","19"
"1ca84909-93a0-4249-b2da-a2c25c18098e","8bea8c9c-97c3-46df-aeec-8d3991d1753d","abgeschlossenheitsbescheinigung","2023-02-15T15:23:41Z","2023-02-15T15:23:43Z","Datei hinzufügen","19"
"1ca84909-93a0-4249-b2da-a2c25c18098e","2ac9c314-0662-4b12-a01a-7fed53770fd9","abgeschlossenheitsbescheinigung","2023-02-15T15:24:05Z","2023-02-15T15:24:07Z","Externe Beteiligung anfordern","19"
"1ca84909-93a0-4249-b2da-a2c25c18098e","ebf82ecf-e810-4c02-9102-19cd090ec9a8","abgeschlossenheitsbescheinigung","2023-02-15T15:24:36Z","2023-02-15T15:24:38Z","Interner Bearbeitungsvermerk","19"
"1ca84909-93a0-4249-b2da-a2c25c18098e","86d67072-2ca5-4aba-a7af-fe9646da4c22","abgeschlossenheitsbescheinigung","2023-02-15T15:24:50Z","2023-02-15T15:24:55Z","Ablehnungsbescheinigung zustellen","19"
"1ca84909-93a0-4249-b2da-a2c25c18098e","a5f8327d-7acc-4335-b0b2-c6e7cb38a43d","abgeschlossenheitsbescheinigung","2023-02-15T15:24:52Z","2023-02-15T15:24:52Z","Zustellung Postfach Servicebereich","19"
"1ca84909-93a0-4249-b2da-a2c25c18098e","1373f728-7354-4f11-99fa-22f5d7618fa3","abgeschlossenheitsbescheinigung","2023-02-15T15:25:07Z","2023-02-15T15:25:13Z","Gebührenbescheid zustellen","19"
"1ca84909-93a0-4249-b2da-a2c25c18098e","df95e70d-a6e0-43a9-8b8b-ed467e4276cc","abgeschlossenheitsbescheinigung","2023-02-15T15:25:09Z","2023-02-15T15:25:09Z","Zustellung Postfach Servicebereich","19"
"1ca84909-93a0-4249-b2da-a2c25c18098e","7d6c4a7b-4a25-45ac-b6a5-8655b76c5226","abgeschlossenheitsbescheinigung","2023-02-15T15:25:29Z","2023-02-15T15:25:29Z","Vorgangsbezogener Nachrichtenversand Servicebereich","19"
"1ca84909-93a0-4249-b2da-a2c25c18098e","d198dfb3-72f3-4959-85fc-d2d3f8d86cdc","abgeschlossenheitsbescheinigung","2023-02-15T15:29:13Z","2023-02-15T15:29:13Z","Nachforderung zu Beteiligung: Externe Beteiligung anfordern","19"
"1ca84909-93a0-4249-b2da-a2c25c18098e","0e730995-e8cb-4e4b-b8b0-e7852c61cada","abgeschlossenheitsbescheinigung","2023-02-15T15:29:31Z","2023-02-15T15:29:31Z","Stellungnahme zu Beteiligung: Externe Beteiligung anfordern","19"
"941ed5bf-ed9a-405c-8e9f-61e5386ee609","14134832-8c7d-4c73-9011-b88d92a3f91c","abgeschlossenheitsbescheinigung","2023-02-19T12:35:49Z","2023-02-19T12:35:49Z","Antrag eingegangen","53"
"941ed5bf-ed9a-405c-8e9f-61e5386ee609","bf6e42f8-13d7-413d-a77a-c9e667e7ded3","abgeschlossenheitsbescheinigung","2023-02-19T12:35:50Z","2023-02-19T12:35:50Z","Zustellung Postfach Servicebereich","53"
"941ed5bf-ed9a-405c-8e9f-61e5386ee609","66cde33b-9d1b-49ac-bca9-70fa976ee854","abgeschlossenheitsbescheinigung","2023-02-19T12:37:39Z","2023-02-19T12:37:40Z","Aktenzeichen hinzufügen","1"
"941ed5bf-ed9a-405c-8e9f-61e5386ee609","0a7e9500-e108-4869-bb88-7afe154574a8","abgeschlossenheitsbescheinigung","2023-02-19T12:37:48Z","2023-02-19T12:37:52Z","Status ändern","1"
"941ed5bf-ed9a-405c-8e9f-61e5386ee609","04cd40b0-e3e9-4a42-974a-4092c6096e88","abgeschlossenheitsbescheinigung","2023-02-19T12:37:49Z","2023-02-19T12:37:51Z","[auto] Nachricht Statuswechsel versenden","1"
"941ed5bf-ed9a-405c-8e9f-61e5386ee609","8684e8f2-ee4c-450e-937f-72b80db1fd8a","abgeschlossenheitsbescheinigung","2023-02-19T12:38:16Z","2023-02-19T12:38:19Z","Gebühr erheben","1"
"941ed5bf-ed9a-405c-8e9f-61e5386ee609","c54df901-1cc5-49b7-93cb-3a4943167f5e","abgeschlossenheitsbescheinigung","2023-02-19T12:38:17Z","2023-02-19T12:38:17Z","Zustellung Postfach Servicebereich","1"
"941ed5bf-ed9a-405c-8e9f-61e5386ee609","5e2da583-01cc-496c-a49d-abc641d9344d","abgeschlossenheitsbescheinigung","2023-02-19T12:38:47Z","2023-02-19T12:38:49Z","Datei hinzufügen","1"
"941ed5bf-ed9a-405c-8e9f-61e5386ee609","356fea53-d9ca-4ac3-88b3-481d30d4db4c","abgeschlossenheitsbescheinigung","2023-02-19T12:39:35Z","2023-02-19T12:39:43Z","Status ändern","1"
"941ed5bf-ed9a-405c-8e9f-61e5386ee609","4bf125df-e694-4a16-90f7-08c57023d112","abgeschlossenheitsbescheinigung","2023-02-19T12:39:37Z","2023-02-19T12:39:40Z","[auto] Nachricht Statuswechsel versenden","1"
"941ed5bf-ed9a-405c-8e9f-61e5386ee609","fa5a9d39-1907-4a37-848f-68a2d5acdafe","abgeschlossenheitsbescheinigung","2023-02-19T12:45:48Z","2023-02-19T12:45:51Z","Aktenzeichen hinzufügen","1"
"e2e31831-3d1f-46ff-bfc8-791c3773470e","54d73faa-e6fb-4871-9bb5-aa7b46b9a5e9","abgeschlossenheitsbescheinigung","2023-02-21T11:13:09Z","2023-02-21T11:13:09Z","Antrag eingegangen","182"
"e2e31831-3d1f-46ff-bfc8-791c3773470e","0e096395-2d62-4252-b930-f6297f68fa23","abgeschlossenheitsbescheinigung","2023-02-21T11:13:10Z","2023-02-21T11:13:10Z","Zustellung Postfach Servicebereich","182"
"e2e31831-3d1f-46ff-bfc8-791c3773470e","4c859026-3a49-4707-a451-aa8bd772cf86","abgeschlossenheitsbescheinigung","2023-02-21T11:14:28Z","2023-02-21T11:14:32Z","Status ändern","19"
"e2e31831-3d1f-46ff-bfc8-791c3773470e","1e1a03f5-09ef-452a-8c59-d866e4a234f0","abgeschlossenheitsbescheinigung","2023-02-21T11:14:29Z","2023-02-21T11:14:30Z","[auto] Nachricht Statuswechsel versenden","19"
"636f9baf-77df-486a-b870-30a8c2db110e","cd0ac4b9-bc9f-43d3-858f-4041b688e38d","abgeschlossenheitsbescheinigung","2023-02-22T08:55:39Z","2023-02-22T08:55:39Z","Antrag eingegangen","182"
"636f9baf-77df-486a-b870-30a8c2db110e","3d07abb0-3942-48fd-8c5c-40ddc489d85e","abgeschlossenheitsbescheinigung","2023-02-22T08:55:40Z","2023-02-22T08:55:40Z","Zustellung Postfach Servicebereich","182"
"636f9baf-77df-486a-b870-30a8c2db110e","036fb1b0-b631-4d46-abb6-19318e64f946","abgeschlossenheitsbescheinigung","2023-02-22T08:57:24Z","2023-02-22T08:57:28Z","Status ändern","19"
"636f9baf-77df-486a-b870-30a8c2db110e","f58941a6-a4cd-414f-a1d5-236392be678e","abgeschlossenheitsbescheinigung","2023-02-22T08:57:25Z","2023-02-22T08:57:27Z","[auto] Nachricht Statuswechsel versenden","19"
"636f9baf-77df-486a-b870-30a8c2db110e","bfac6561-0ba4-41fc-8023-d401eca42c8a","abgeschlossenheitsbescheinigung","2023-02-22T08:57:48Z","2023-02-22T08:57:51Z","Ablehnungsbescheinigung zustellen","19"
"636f9baf-77df-486a-b870-30a8c2db110e","a24ac958-5e8b-48fe-b5b0-e78e3340c609","abgeschlossenheitsbescheinigung","2023-02-22T08:57:50Z","2023-02-22T08:57:50Z","Zustellung Postfach Servicebereich","19"
"480a4b1e-eb2a-41a8-825f-a8c3f10728f7","eff4ee91-c0b1-4b3a-b0d6-33bb1400f660","abgeschlossenheitsbescheinigung","2023-02-22T11:48:19Z","2023-02-22T11:48:19Z","Antrag eingegangen","463"
"480a4b1e-eb2a-41a8-825f-a8c3f10728f7","7b34e7c9-af9b-47ff-8c76-613da46745b2","abgeschlossenheitsbescheinigung","2023-02-22T11:48:20Z","2023-02-22T11:48:20Z","Zustellung Postfach Servicebereich","463"
"c259adc7-aa4f-4f23-9e2d-3719d6f377ef","ac3d1b4b-9758-4183-aa9c-68534ce9182b","abgeschlossenheitsbescheinigung","2023-02-22T11:49:00Z","2023-02-22T11:49:00Z","Antrag eingegangen","463"
"c259adc7-aa4f-4f23-9e2d-3719d6f377ef","50e51967-77f3-4e43-8432-bc027f7d20ab","abgeschlossenheitsbescheinigung","2023-02-22T11:49:01Z","2023-02-22T11:49:01Z","Zustellung Postfach Servicebereich","463"
"480a4b1e-eb2a-41a8-825f-a8c3f10728f7","fd9fb2e0-ca1f-4bd9-89bf-e04d08ecea23","abgeschlossenheitsbescheinigung","2023-02-22T11:55:46Z","2023-02-22T11:55:50Z","Status ändern","19"
"480a4b1e-eb2a-41a8-825f-a8c3f10728f7","2fbb3c9d-21fc-4baa-9d59-6844fefb58af","abgeschlossenheitsbescheinigung","2023-02-22T11:55:47Z","2023-02-22T11:55:49Z","[auto] Nachricht Statuswechsel versenden","19"
"480a4b1e-eb2a-41a8-825f-a8c3f10728f7","6ac74f1a-7ae3-42e4-b1c8-a8147ce89903","abgeschlossenheitsbescheinigung","2023-02-22T11:56:44Z","2023-02-22T11:56:46Z","Aktenzeichen hinzufügen","19"
"480a4b1e-eb2a-41a8-825f-a8c3f10728f7","0494c6a3-c6b6-4862-a517-804e51cdede2","abgeschlossenheitsbescheinigung","2023-02-22T11:57:42Z","2023-02-22T11:57:44Z","Zuständigkeit hinzufügen","19"
"480a4b1e-eb2a-41a8-825f-a8c3f10728f7","e18a9d5a-0fd0-4737-9ac2-9a3451f35e04","abgeschlossenheitsbescheinigung","2023-02-22T11:58:11Z","2023-02-22T11:58:13Z","Datei hinzufügen","19"
"480a4b1e-eb2a-41a8-825f-a8c3f10728f7","f6548df0-19c2-4aac-806e-2fc77d0c349d","abgeschlossenheitsbescheinigung","2023-02-22T11:58:48Z","2023-02-22T11:58:48Z","Vorgangsbezogener Nachrichtenversand Servicebereich","463"
"480a4b1e-eb2a-41a8-825f-a8c3f10728f7","18cf763a-d336-4bdf-913e-819b3689f16b","abgeschlossenheitsbescheinigung","2023-02-22T11:59:22Z","2023-02-22T11:59:22Z","Vorgangsbezogener Nachrichtenversand Servicebereich","19"
"480a4b1e-eb2a-41a8-825f-a8c3f10728f7","df850068-65fe-4218-9d06-4b2f4e79099d","abgeschlossenheitsbescheinigung","2023-02-22T11:59:56Z","2023-02-22T11:59:59Z","Interner Bearbeitungsvermerk","19"
"480a4b1e-eb2a-41a8-825f-a8c3f10728f7","c9487c0f-3f4c-4241-a30e-cfb7a3120ce6","abgeschlossenheitsbescheinigung","2023-02-22T12:00:27Z","2023-02-22T12:00:30Z","Externe Beteiligung anfordern","19"
"480a4b1e-eb2a-41a8-825f-a8c3f10728f7","ba3e6aa8-51bb-429e-9007-3bf8b7ae1401","abgeschlossenheitsbescheinigung","2023-02-22T12:03:35Z","2023-02-22T12:04:35Z","Nachforderung zu Beteiligung: Externe Beteiligung anfordern","16"
"480a4b1e-eb2a-41a8-825f-a8c3f10728f7","aaa5accf-f739-4d76-996b-db600259bbec","abgeschlossenheitsbescheinigung","2023-02-22T12:06:27Z","2023-02-22T12:06:27Z","Stellungnahme zu Beteiligung: Externe Beteiligung anfordern","16"
"480a4b1e-eb2a-41a8-825f-a8c3f10728f7","449b8b3c-fc47-4c7b-bccd-cf3197f40cf3","abgeschlossenheitsbescheinigung","2023-02-22T12:08:38Z","2023-02-22T12:08:46Z","Gebühr erheben","19"
"480a4b1e-eb2a-41a8-825f-a8c3f10728f7","dc6360eb-42a4-4278-826d-599dbf68e23d","abgeschlossenheitsbescheinigung","2023-02-22T12:08:41Z","2023-02-22T12:08:41Z","Zustellung Postfach Servicebereich","19"
"480a4b1e-eb2a-41a8-825f-a8c3f10728f7","a0033fc5-8727-4354-8baa-2aae87347e5c","abgeschlossenheitsbescheinigung","2023-02-22T12:12:24Z","2023-02-22T12:12:32Z","Gebührenbescheid zustellen","19"
"480a4b1e-eb2a-41a8-825f-a8c3f10728f7","1363f5d3-e395-40c0-855c-f5ad7d278a75","abgeschlossenheitsbescheinigung","2023-02-22T12:12:28Z","2023-02-22T12:12:28Z","Zustellung Postfach Servicebereich","19"
"480a4b1e-eb2a-41a8-825f-a8c3f10728f7","4ba6d4fa-43a0-48a8-95cd-8267c078ffd6","abgeschlossenheitsbescheinigung","2023-02-22T12:13:20Z","2023-02-22T12:13:29Z","Ablehnungsbescheinigung zustellen","19"
"480a4b1e-eb2a-41a8-825f-a8c3f10728f7","7d2a4f62-34b6-414f-82e2-f3c08d02dcf2","abgeschlossenheitsbescheinigung","2023-02-22T12:13:24Z","2023-02-22T12:13:24Z","Zustellung Postfach Servicebereich","19"
"480a4b1e-eb2a-41a8-825f-a8c3f10728f7","6693a7f0-53dd-42dd-83eb-47c3363d51ba","abgeschlossenheitsbescheinigung","2023-02-22T12:28:48Z","2023-02-22T12:29:04Z","Status ändern","19"
"480a4b1e-eb2a-41a8-825f-a8c3f10728f7","d6a1f34c-b768-4594-b204-bc9f940727e2","abgeschlossenheitsbescheinigung","2023-02-22T12:28:53Z","2023-02-22T12:29:00Z","[auto] Nachricht Statuswechsel versenden","19"
"c259adc7-aa4f-4f23-9e2d-3719d6f377ef","6dbc6358-81bd-474d-b9c5-02300cecc086","abgeschlossenheitsbescheinigung","2023-02-22T12:34:24Z","2023-02-22T12:34:26Z","Aktenzeichen hinzufügen","19"
"c259adc7-aa4f-4f23-9e2d-3719d6f377ef","8e897427-786e-42be-9201-f304575b10ba","abgeschlossenheitsbescheinigung","2023-02-22T12:34:45Z","2023-02-22T12:34:50Z","Status ändern","19"
"c259adc7-aa4f-4f23-9e2d-3719d6f377ef","65f6614c-e99a-4d05-b5ec-3e23021730eb","abgeschlossenheitsbescheinigung","2023-02-22T12:34:46Z","2023-02-22T12:34:48Z","[auto] Nachricht Statuswechsel versenden","19"
"c259adc7-aa4f-4f23-9e2d-3719d6f377ef","56d7defb-5d06-448c-8c76-c312b2de74ef","abgeschlossenheitsbescheinigung","2023-02-22T12:36:35Z","2023-02-22T12:36:37Z","Datei hinzufügen","19"
"c259adc7-aa4f-4f23-9e2d-3719d6f377ef","fa78101b-9007-4b81-92d1-dea7e5c47935","abgeschlossenheitsbescheinigung","2023-02-22T12:36:57Z","2023-02-22T12:37:04Z","Status ändern","19"
"c259adc7-aa4f-4f23-9e2d-3719d6f377ef","e5e81229-f2ef-4db4-b07b-505c76d5f533","abgeschlossenheitsbescheinigung","2023-02-22T12:36:59Z","2023-02-22T12:37:02Z","[auto] Nachricht Statuswechsel versenden","19"
"28b51373-60f1-42a9-b8a7-0a2a9041e373","99b153cd-194b-400f-b9fd-7603622dc91e","abgeschlossenheitsbescheinigung","2023-02-24T09:58:02Z","2023-02-24T09:58:02Z","Antrag eingegangen","53"
"28b51373-60f1-42a9-b8a7-0a2a9041e373","1d74031d-7e9b-45e1-91c3-cc872cce428b","abgeschlossenheitsbescheinigung","2023-02-24T09:58:03Z","2023-02-24T09:58:03Z","Zustellung Postfach Servicebereich","53"
"1d0701a4-b274-4319-b0b6-efb1eb1c71d4","6e0a9eaf-8b48-4cd9-9a6b-8777dae7b911","abgeschlossenheitsbescheinigung","2023-02-24T13:50:49Z","2023-02-24T13:50:49Z","Antrag eingegangen","182"
"1d0701a4-b274-4319-b0b6-efb1eb1c71d4","16ad5b7e-06bc-468f-a52e-ea18b4e7de80","abgeschlossenheitsbescheinigung","2023-02-24T13:50:50Z","2023-02-24T13:50:50Z","Zustellung Postfach Servicebereich","182"
"1d0701a4-b274-4319-b0b6-efb1eb1c71d4","48d7b4e6-392b-4463-b748-477345284dfc","abgeschlossenheitsbescheinigung","2023-02-24T13:53:02Z","2023-02-24T13:53:06Z","Status ändern","19"
"1d0701a4-b274-4319-b0b6-efb1eb1c71d4","a36b269a-8531-4cb3-ae95-188c6f34d46d","abgeschlossenheitsbescheinigung","2023-02-24T13:53:03Z","2023-02-24T13:53:04Z","[auto] Nachricht Statuswechsel versenden","19"
"1d0701a4-b274-4319-b0b6-efb1eb1c71d4","59f2e485-e05b-4998-8b1d-8e5dc5efff8a","abgeschlossenheitsbescheinigung","2023-02-24T13:53:21Z","2023-02-24T13:53:24Z","Gebühr erheben","19"
"1d0701a4-b274-4319-b0b6-efb1eb1c71d4","f81d9bdc-ed02-4849-a739-592343184ad6","abgeschlossenheitsbescheinigung","2023-02-24T13:53:22Z","2023-02-24T13:53:22Z","Zustellung Postfach Servicebereich","19"
"1d0701a4-b274-4319-b0b6-efb1eb1c71d4","1965fcf6-8126-4f8e-b036-eadf03c5e8f2","abgeschlossenheitsbescheinigung","2023-02-24T13:53:38Z","2023-02-24T13:53:41Z","Datei hinzufügen","19"
"1d0701a4-b274-4319-b0b6-efb1eb1c71d4","faf42a6b-8e16-4444-a1b2-f23ba17804de","abgeschlossenheitsbescheinigung","2023-02-24T13:54:07Z","2023-02-24T13:54:09Z","Externe Beteiligung anfordern","19"
"1d0701a4-b274-4319-b0b6-efb1eb1c71d4","a18555e9-b17c-4679-b25f-6cab73104d88","abgeschlossenheitsbescheinigung","2023-02-24T13:54:24Z","2023-02-24T13:54:24Z","Vorgangsbezogener Nachrichtenversand Servicebereich","19"
"cb468426-9477-46c5-8410-0804c332272f","a3cf1027-f01d-491d-a7ce-5c43ed9c4be2","abgeschlossenheitsbescheinigung","2023-02-24T18:15:42Z","2023-02-24T18:15:42Z","Antrag eingegangen","182"
"cb468426-9477-46c5-8410-0804c332272f","674779a9-2874-47c0-ba04-6c1b649f3490","abgeschlossenheitsbescheinigung","2023-02-24T18:15:43Z","2023-02-24T18:15:43Z","Zustellung Postfach Servicebereich","182"
"cb468426-9477-46c5-8410-0804c332272f","13707543-5f8c-4cc9-b489-b0381cbf78d5","abgeschlossenheitsbescheinigung","2023-02-24T18:16:57Z","2023-02-24T18:16:59Z","Gebühr erheben","19"
"cb468426-9477-46c5-8410-0804c332272f","f94a1d5d-7603-426c-9063-2a147c4aeaa7","abgeschlossenheitsbescheinigung","2023-02-24T18:16:58Z","2023-02-24T18:16:58Z","Zustellung Postfach Servicebereich","19"
"cb468426-9477-46c5-8410-0804c332272f","c4e7a887-73d1-4372-8a28-b3775a827484","abgeschlossenheitsbescheinigung","2023-02-27T08:39:05Z","2023-02-27T08:39:05Z","Vorgangsbezogener Nachrichtenversand Servicebereich","19"
"bb539a86-9032-4b03-893c-1c629d551212","83d4e311-adbc-469f-a709-b0bcc590ee69","abgeschlossenheitsbescheinigung","2023-03-23T16:40:28Z","2023-03-23T16:40:28Z","Antrag eingegangen","182"
"bb539a86-9032-4b03-893c-1c629d551212","d3d84c92-80f1-47c4-b3f9-111075d03f79","abgeschlossenheitsbescheinigung","2023-03-23T16:40:29Z","2023-03-23T16:40:29Z","Zustellung Postfach Servicebereich","182"
"bb539a86-9032-4b03-893c-1c629d551212","6ae30c65-9c8c-4c9f-8d3d-78aa9ae87d9c","abgeschlossenheitsbescheinigung","2023-03-23T16:41:13Z","2023-03-23T16:41:16Z","Gebühr erheben","19"
"bb539a86-9032-4b03-893c-1c629d551212","fe10fe67-51c7-44ff-8c78-00d3fdc5e817","abgeschlossenheitsbescheinigung","2023-03-23T16:41:14Z","2023-03-23T16:41:14Z","Zustellung Postfach Servicebereich","19"
"92030b27-ce3f-45a4-b7a7-d2d5a3a42885","43dbb807-9e65-4c75-b97b-50c9a0119d5b","abgeschlossenheitsbescheinigung","2023-04-17T11:31:37Z","2023-04-17T11:31:37Z","Antrag eingegangen","124"
"92030b27-ce3f-45a4-b7a7-d2d5a3a42885","0b8374fb-5777-4315-921a-59e5210c0c94","abgeschlossenheitsbescheinigung","2023-04-17T11:31:38Z","2023-04-17T11:31:38Z","Zustellung Postfach Servicebereich","124"
"92030b27-ce3f-45a4-b7a7-d2d5a3a42885","10527e58-5543-4d73-b115-93a13c690a98","abgeschlossenheitsbescheinigung","2023-04-17T11:33:29Z","2023-04-17T11:33:30Z","Aktenzeichen hinzufügen","19"
"92030b27-ce3f-45a4-b7a7-d2d5a3a42885","b64b096f-2e15-449c-9713-b47a6ee71ae6","abgeschlossenheitsbescheinigung","2023-04-17T11:35:51Z","2023-04-17T11:35:51Z","Vorgangsbezogener Nachrichtenversand Servicebereich","19"
"92030b27-ce3f-45a4-b7a7-d2d5a3a42885","8a164299-fa27-47af-aba5-f646465ab0e8","abgeschlossenheitsbescheinigung","2023-04-17T11:36:34Z","2023-04-17T11:36:34Z","Vorgangsbezogener Nachrichtenversand Servicebereich","124"
"92030b27-ce3f-45a4-b7a7-d2d5a3a42885","92c8bb0d-665a-471a-8993-f3a09f798cd8","abgeschlossenheitsbescheinigung","2023-04-17T11:40:42Z","2023-04-17T11:40:44Z","Externe Beteiligung anfordern","19"
"92030b27-ce3f-45a4-b7a7-d2d5a3a42885","0cbaeeaf-a4ac-4cc8-a9cd-792c210148df","abgeschlossenheitsbescheinigung","2023-04-17T11:42:33Z","2023-04-17T11:42:33Z","Stellungnahme zu Beteiligung: Externe Beteiligung anfordern","16"
"92030b27-ce3f-45a4-b7a7-d2d5a3a42885","5d87b4b3-6aa0-43c7-ba95-3951dd3af180","abgeschlossenheitsbescheinigung","2023-04-17T11:46:27Z","2023-04-17T11:46:34Z","Gebühr erheben","19"
"92030b27-ce3f-45a4-b7a7-d2d5a3a42885","34f51d01-3863-4ef1-8e4b-991bd0870946","abgeschlossenheitsbescheinigung","2023-04-17T11:46:29Z","2023-04-17T11:46:29Z","Zustellung Postfach Servicebereich","19"
"92030b27-ce3f-45a4-b7a7-d2d5a3a42885","9203bbfe-284e-486b-b3cc-deb8cdb014f1","abgeschlossenheitsbescheinigung","2023-04-17T11:54:31Z","2023-04-17T11:54:40Z","Gebührenbescheid zustellen","19"
"92030b27-ce3f-45a4-b7a7-d2d5a3a42885","965bed8d-ea99-4c1a-b48c-d86ef42956c6","abgeschlossenheitsbescheinigung","2023-04-17T11:54:34Z","2023-04-17T11:54:34Z","Zustellung Postfach Servicebereich","19"
"92030b27-ce3f-45a4-b7a7-d2d5a3a42885","3622192c-1a70-4bcb-9592-192b9bae98bb","abgeschlossenheitsbescheinigung","2023-04-18T08:06:41Z","2023-04-18T08:06:52Z","Status ändern","19"
"92030b27-ce3f-45a4-b7a7-d2d5a3a42885","12716d38-57fd-4421-a8f2-fa582968a039","abgeschlossenheitsbescheinigung","2023-04-18T08:06:44Z","2023-04-18T08:06:49Z","[auto] Nachricht Statuswechsel versenden","19"
"ca625978-e66a-4ea7-9d64-ee23c964c67f","1b2d159c-be4d-4ce6-9a81-740ceb922ae1","abgeschlossenheitsbescheinigung","2023-07-19T12:26:46Z","2023-07-19T12:26:46Z","Antrag eingegangen","471"
"ca625978-e66a-4ea7-9d64-ee23c964c67f","cb65521b-85a6-4ba5-a5ab-c47077b95f42","abgeschlossenheitsbescheinigung","2023-07-19T12:26:47Z","2023-07-19T12:26:47Z","Zustellung Postfach Servicebereich","471"
"ca625978-e66a-4ea7-9d64-ee23c964c67f","e61494a4-d57e-4904-815b-ce4a08bb2190","abgeschlossenheitsbescheinigung","2023-07-19T12:27:10Z","2023-07-19T12:27:11Z","Aktenzeichen hinzufügen","19"
"e44ddd74-6efd-48d3-9e05-465ce116daad","8c1e2403-fba2-41ac-ac87-d4b8055e46af","abgeschlossenheitsbescheinigung","2023-08-28T13:12:36Z","2023-08-28T13:12:36Z","Antrag eingegangen","326"
"e44ddd74-6efd-48d3-9e05-465ce116daad","71fe6ddc-3a07-44a8-af03-be0c94288d9a","abgeschlossenheitsbescheinigung","2023-08-28T13:12:37Z","2023-08-28T13:12:37Z","Zustellung Postfach Servicebereich","326"
"e4860e35-d250-4169-bcbf-557821057b73","b054fb81-3ad5-45f6-b909-0363cf4c4dfb","abgeschlossenheitsbescheinigung","2023-09-27T13:39:56Z","2023-09-27T13:39:56Z","Antrag eingegangen","571"
"e4860e35-d250-4169-bcbf-557821057b73","6f4151e5-352e-47d3-981a-aa5462060411","abgeschlossenheitsbescheinigung","2023-09-27T13:39:57Z","2023-09-27T13:39:57Z","Zustellung Postfach Servicebereich","571"
"b2c23e15-a1d5-48ff-832c-e4e2e78ad9bb","c4ce9d74-e649-4af9-a110-6391fea3fff9","abgeschlossenheitsbescheinigung","2023-11-07T14:45:27Z","2023-11-07T14:45:27Z","Antrag eingegangen","589"
"b2c23e15-a1d5-48ff-832c-e4e2e78ad9bb","a9ef05fd-3c07-40ca-ae05-220efd39cefe","abgeschlossenheitsbescheinigung","2023-11-07T14:45:28Z","2023-11-07T14:45:28Z","Zustellung Postfach Servicebereich","589"
"59b00602-c53b-404a-ab6e-73e0fa619bde","88266e58-b59a-40c1-8edf-a2d274946af1","abgeschlossenheitsbescheinigung","2023-11-08T07:59:00Z","2023-11-08T07:59:00Z","Antrag eingegangen","589"
"59b00602-c53b-404a-ab6e-73e0fa619bde","cb7883e4-352f-4da1-9844-afd53431bce5","abgeschlossenheitsbescheinigung","2023-11-08T07:59:01Z","2023-11-08T07:59:01Z","Zustellung Postfach Servicebereich","589"
"9ea624f0-9d9d-4c6f-8ed9-5902db4fa86d","f9184a3c-7713-46dc-a2ce-8745e5349bf0","abgeschlossenheitsbescheinigung","2023-11-08T08:34:33Z","2023-11-08T08:34:33Z","Antrag eingegangen","589"
"9ea624f0-9d9d-4c6f-8ed9-5902db4fa86d","4f46aff4-f25f-4fc8-88cd-dfb5768950b0","abgeschlossenheitsbescheinigung","2023-11-08T08:34:34Z","2023-11-08T08:34:34Z","Zustellung Postfach Servicebereich","589"
"1bacc5ba-8e90-479e-a444-e4a44850f7e7","b5df654a-4238-486b-aaf6-2350d2bbf8e5","abgeschlossenheitsbescheinigung","2023-11-08T08:51:09Z","2023-11-08T08:51:09Z","Antrag eingegangen","589"
"1bacc5ba-8e90-479e-a444-e4a44850f7e7","1b65b922-e0de-43b7-ab17-dd045e65a8db","abgeschlossenheitsbescheinigung","2023-11-08T08:51:10Z","2023-11-08T08:51:10Z","Zustellung Postfach Servicebereich","589"
"80ce6211-f368-4a7c-a6e5-058f1db1b981","53ca51e5-461a-4a27-a9ed-f40cea540a8b","abgeschlossenheitsbescheinigung","2023-11-30T21:06:15Z","2023-11-30T21:06:15Z","Antrag eingegangen","568"
"80ce6211-f368-4a7c-a6e5-058f1db1b981","1cc0f5e7-ee35-407f-9325-c62f5dbc4ac1","abgeschlossenheitsbescheinigung","2023-11-30T21:06:16Z","2023-11-30T21:06:17Z","Zustellung Postfach Servicebereich","568"
"ee587ed9-e047-4b4a-886b-e7142fbff9c1","ceeb5936-47cf-4ed5-9e23-31152353c228","abgeschlossenheitsbescheinigung","2023-12-01T21:12:01Z","2023-12-01T21:12:01Z","Antrag eingegangen","568"
"ee587ed9-e047-4b4a-886b-e7142fbff9c1","66950837-c1e6-4a15-8409-f7141357fbbd","abgeschlossenheitsbescheinigung","2023-12-01T21:12:02Z","2023-12-01T21:12:04Z","Zustellung Postfach Servicebereich","568"
"6854cc01-018c-4298-9cbe-e4f31a2aab53","cf125412-3101-4064-8c5d-1acaa35f7f31","abgeschlossenheitsbescheinigung","2023-12-01T21:27:12Z","2023-12-01T21:27:12Z","Antrag eingegangen","568"
"6854cc01-018c-4298-9cbe-e4f31a2aab53","b7c5752e-1e68-45b1-8110-946c5a13188f","abgeschlossenheitsbescheinigung","2023-12-01T21:27:13Z","2023-12-01T21:27:15Z","Zustellung Postfach Servicebereich","568"